max_abs_energy_diff,max_abs_mean_diff,max_abs_center_energy_diff,Scenario
4.440892098500626e-16,1.1102230246251565e-16,4.440892098500626e-16,Model B-fine
4.440892098500626e-16,2.220446049250313e-16,4.440892098500626e-16,Model B-coarse
1.3322676295501878e-15,2.220446049250313e-16,1.7763568394002505e-15,Model C-Haar-preserving
4.440892098500626e-16,2.220446049250313e-16,4.440892098500626e-16,Model A-Walsh-power
